KW,想定検索意図,読者との一致度,CVへの近さ,優先度,推奨記事タイプ,備考,執筆済み,URL
保育士 転職,保育士が転職全般について情報収集したい,高,中,高,総合まとめ記事,ビッグKWだが競合強。体験談×ペルソナ特化で狙う,,
保育士 転職 サイト,転職サイト選びを検討中,高,高,高,比較記事,エージェント比較記事に直結,,
保育士 転職 エージェント,転職エージェントの利用を検討中,高,最高,最高,比較記事(メイン),CV直結の最重要KW,✓ 2026-09-04,
保育士 転職 サイト 口コミ,実際の利用者の評判を知りたい,高,高,高,レビュー/体験談記事,E-E-A-T強化に必須,,
保育士 転職 サイト 掛け持ち,複数サイト併用の是非を調べている,高,高,高,ノウハウ記事,総合型＋特化型の訴求に最適,,
保育士 子持ち 転職,子持ち保育士の転職事情を知りたい,最高,高,最高,ペルソナ特化記事,ペルソナど真ん中KW,,
保育士 転職 おすすめ サイト,おすすめの転職サイトを探している,高,最高,最高,比較記事,メイン比較記事のサブタイトル候補,,
保育士 転職 おすすめ,おすすめサービスを探している,高,最高,最高,比較記事,メイン記事の主KW候補,,
保育士 転職 サイト 比較,転職サイトを比較検討中,高,最高,最高,比較記事,比較表コンテンツの核,,
保育士 転職 サイト ランキング,ランキング形式で比較したい,高,高,高,ランキング記事,ランキング型で検索流入取りやすい,,
保育士 転職 サイト 電話 なし,電話連絡が苦手で避けたい,高,高,中,比較/ノウハウ記事,LINE対応サービス訴求に活用,,
保育士 転職 口コミ,口コミ・評判を確認したい,高,高,高,レビュー記事,CV近接,,
保育士 転職 選び方,失敗しない選び方を知りたい,高,高,高,ノウハウ記事,選び方記事で内部リンク強化,,
保育士 転職 成功,成功例・成功のコツを知りたい,高,中,中,体験談/ノウハウ記事,体験談で信頼獲得,,
保育士 転職 流れ,転職の進め方を知りたい,高,中,高,ノウハウ記事,初めて転職する人向け導線,,
保育士 転職 方法,転職のやり方を調べている,高,中,中,ノウハウ記事,初心者向け,,
保育士 転職 迷う,転職するか迷っている,最高,中,高,悩み寄り添い記事,ペルソナの本音に合致,,
保育士 転職 悩む,転職に踏み切れず悩んでいる,最高,中,高,悩み寄り添い記事,ペルソナの本音に合致,,
保育士 転職 不安,転職の不安を解消したい,最高,中,高,悩み寄り添い記事,ブランク不安・子育て両立と親和,,
保育士 転職 タイミング,転職の適切な時期を知りたい,高,中,高,ノウハウ記事,4月入職・年度末退職と絡める,,
保育士 転職 時期,転職時期を知りたい,高,中,高,ノウハウ記事,ワーママの時期調整と親和,,
保育士 転職 いつから,いつから活動すべきか,高,中,高,ノウハウ記事,子育てスケジュールと絡める,,
保育士 転職 4月,4月入職を狙いたい,高,中,中,ノウハウ記事,年度初め入職で子育て両立しやすい,,
保育士 転職 理由,退職理由をどう伝えるか,高,中,高,ノウハウ記事,面談対策記事,,
保育士 転職 理由 ランキング,他の保育士の転職理由を知りたい,高,中,高,データ記事,共感獲得しやすい,,
保育士 転職 給料,転職で給料がどうなるか,高,中,高,データ記事,家計視点でペルソナに刺さる,,
保育士 転職 給料 下がる,給料ダウンが不安,高,中,高,ノウハウ記事,主婦ママの家計不安に直結,,
保育士 転職 繰り返す,転職を繰り返すのが不安,高,中,中,悩み寄り添い記事,失敗しない選び方に繋げる,,
保育士 転職 人間 関係,人間関係で悩み転職したい,最高,高,最高,特化型訴求記事,保育エイド訴求と直結,,
保育士 転職 後悔,転職後に後悔したくない,高,中,高,ノウハウ記事,失敗しない選び方と内部リンク,,
保育士 転職 怖い,転職に踏み出すのが怖い,最高,中,高,悩み寄り添い記事,背中を押す記事でエージェント紹介,,
保育士 転職 辞め た 理由,辞めた理由の伝え方,高,中,中,ノウハウ記事,面談対策,,
保育士 転職 できない,転職できるか不安,高,中,高,悩み寄り添い記事,ブランク・子持ち不安と親和,,
保育士 向い て ない 転職,保育士が向いていないか悩む,中,中,中,悩み寄り添い記事,ペルソナの気持ちに寄り添う,,
保育士 疲れ た 転職,疲れて転職したい,最高,高,高,悩み寄り添い記事,ワーママ疲弊と直結,,
保育士 転職 30 代,30代保育士の転職事情,最高,高,最高,ペルソナ特化記事,ペルソナど真ん中,,
ワーママ 保育士 転職,ワーママ保育士の転職,最高,高,最高,ペルソナ特化記事,ペルソナど真ん中,,
保育士 転職 パート,パート勤務での転職,最高,高,最高,ペルソナ特化記事,子育て両立の働き方,済み,https://happyhoiku-tenshoku.com/2026/04/28/hoikushi-tenshoku-mama-osusume/?preview_id=226&preview_nonce=1af54d055d&preview=true&_thumbnail_id=230
保育士 転職 ハローワーク,ハローワークvsエージェント,高,中,高,比較記事,エージェント優位性の訴求に活用,,
保育士 転職 家賃 補助,家賃補助がある求人を探す,中,中,中,求人条件記事,家計視点で親和,,
保育士 借り上げ 社宅 制度 転職,借り上げ社宅制度を使いたい,中,中,中,求人条件記事,家計視点で親和,,
保育士 転職 line,LINEで相談できるサービスを探す,高,高,中,ノウハウ記事,レバウェル・保育エイド訴求,,
